Age,Country,Directors,Disney+,F1,Genres,Hulu,ID,IMDb,Language,Netflix,Prime Video,Rotten Tomatoes,Runtime,Title,Type,Year,budget,genre,inflation_adjusted_gross,movie_title,mpaa_rating,profit %,profit,release_date,revenue,title,total_gross
,,,,,,,,,,,,,,,,,,,0,The Many Adventures of Winnie the Pooh,,,,11-03-1977,,,0
,,,,,,,,,,,,,,,,,,,105847527,Herbie Goes to Monte Carlo,,,,24-06-1977,,,28000000
,,,,,,,,,,,,,,,,,,,120377374,The Black Hole,,,,21-12-1979,,,35841901
,,,,,,,,,,,,,,,,,,,9088096,Midnight Madness,,,,08-02-1980,,,2900000
,,,,,,,,,,,,,,,,,,,34472116,The Last Flight of Noah’s Ark,,,,25-06-1980,,,11000000
,,,,,,,,,,,,,,,,,,,48517980,The Devil and Max Devlin,,,,01-01-1981,,,16000000
,,,,,,,,,,,,,,,,,,,0,Frank McKlusky C.I.,,,,01-01-2002,,,0
,,,,,,,,,,,,,,,,,,Action,0,Condorman,,,,07-08-1981,,,0
,,,,,,,,,,,,,,,,,,Action,77184895,Tron,,,,09-07-1982,,,26918576
,,,,,,,,,,,,,,,,,,Action,60097074,Shoot to Kill,,,,12-02-1988,,,29300000
,,,,,,,,,,,,,,,,,,Action,12009960,The Rescue,,,,05-08-1988,,,5855392
,,,,,,,,,,,,,,,,,,Adventure,528279994,"20,000 Leagues Under the Sea",,,,23-12-1954,,,28200000
,,,,,,,,,,,,,,,,,,Adventure,153870834,The Sword in the Stone,,,,25-12-1963,,,22182353
,,,,,,,,,,,,,,,,,,Adventure,159743914,The Rescuers,,,,22-06-1977,,,48775599
,,,,,,,,,,,,,,,,,,Adventure,33900697,Baby: Secret of the Lost Legend,,,,22-03-1985,,,14276095
,,,,,,,,,,,,,,,,,,Adventure,25215934,Return to Oz,,,,21-06-1985,,,10618813
,,,,,,,,,,,,,,,,,,Adventure,50553142,The Black Cauldron,,,,24-07-1985,,,21288692
,,,,,,,,,,,,,,,,,,Adventure,53637367,The Great Mouse Detective,,,,02-07-1986,,,23605534
,,,,,,,,,,,,,,,,,,Adventure,42183197,Flight of the Navigator,,,,30-07-1986,,,18564613
,,,,,,,,,,,,,,,,,,Adventure,32798382,Benji the Hunted,,,,05-06-1987,,,15212539
,,,,,,,,,,,,,,,,,,Adventure,16653473,Cheetah,,,,18-08-1989,,,7882250
,,,,,,,,,,,,,,,,,,Comedy,310094574,The Absent Minded Professor,,,,16-03-1961,,,25381407
,,,,,,,,,,,,,,,,,,Comedy,138612686,Blackbeard's Ghost,,,,08-02-1968,,,21540050
,,,,,,,,,,,,,,,,,,Comedy,101200742,The Boatniks,,,,01-07-1970,,,18607492
,,,,,,,,,,,,,,,,,,Comedy,131246872,The Apple Dumpling Gang,,,,01-07-1975,,,31916500
,,,,,,,,,,,,,,,,,,Comedy,98067733,Freaky Friday,,,,21-01-1977,,,25942000
,,,,,,,,,,,,,,,,,,Comedy,133118889,The Fox and the Hound,,,,10-07-1981,,,43899231
,,,,,,,,,,,,,,,,,,Comedy,11519089,Trenchcoat,,,,11-03-1983,,,4304286
,,,,,,,,,,,,,,,,,,Comedy,9736051,My Science Project,,,,09-08-1985,,,4100000
,,,,,,,,,,,,,,,,,,Comedy,11003932,Off Beat,,,,11-04-1986,,,4842778
,,,,,,,,,,,,,,,,,,Comedy,48758184,Tough Guys,,,,03-10-1986,,,21458229
,,,,,,,,,,,,,,,,,,Comedy,54787202,Tin Men,,,,06-03-1987,,,25411386
,,,,,,,,,,,,,,,,,,Comedy,50686462,Ernest Goes to Camp,,,,22-05-1987,,,23509382
,,,,,,,,,,,,,,,,,,Comedy,72853569,Adventures in Babysitting,,,,03-07-1987,,,33790923
,,,,,,,,,,,,,,,,,,Comedy,44024529,Hello Again,,,,06-11-1987,,,20419446
,,,,,,,,,,,,,,,,,,Comedy,11300331,Heartbreak Hotel,,,,30-09-1988,,,5509417
,,,,,,,,,,,,,,,,,,Comedy,15233465,Disorganized Crime,,,,14-04-1989,,,7210149
,,,,,,,,,,,,,,,,,,Comedy,2210321,Where the Heart Is,,,,23-02-1990,,,1106475
,,,,,,,,,,,,,,,,,,Comedy,19149495,Scenes from a Mall,,,,22-02-1991,,,9563393
,,,,,,,,,,,,,,,,,,Comedy,1473665,Holy Matrimony,,,,08-04-1994,,,713234
,,,,,,,,,,,,,,,,,,Comedy,125666,It's Pat,,,,26-08-1994,,,60822
,,,,,,,,,,,,,,,,,,Drama,21505832,Sleeping Beauty,,,,29-01-1959,,,9464608
,,,,,,,,,,,,,,,,,,Drama,0,Amy,,,,20-03-1981,,,0
,,,,,,,,,,,,,,,,,,Drama,12903059,Night Crossing,,,,05-02-1982,,,4500000
,,,,,,,,,,,,,,,,,,Drama,20643199,Tex,,,,19-11-1982,,,7199408
,,,,,,,,,,,,,,,,,,Drama,70669955,Never Cry Wolf,,,,07-10-1983,,,27668764
,,,,,,,,,,,,,,,,,,Drama,3223725,Running Brave,,,,04-11-1983,,,1204595
,,,,,,,,,,,,,,,,,,Drama,21075000,Country,,,,29-09-1984,,,8400000
,,,,,,,,,,,,,,,,,,Drama,22302956,The Journey of Natty Gann,,,,27-09-1985,,,9468512
,,,,,,,,,,,,,,,,,,Drama,31415432,One Magic Christmas,,,,22-11-1985,,,13229514
,,,,,,,,,,,,,,,,,,Drama,9772655,The Good Mother,,,,04-11-1988,,,4764606
,,,,,,,,,,,,,,,,,,Drama,14617333,Wild Hearts Can't Be Broken,,,,24-05-1991,,,7300000
,,,,,,,,,,,,,,,,,,Horror,15136765,Something Wicked This Way Comes,,,,29-04-1983,,,5656087
,,,,,,,,,,,,,,,,,,Musical,91305448,Bedknobs and Broomsticks,,,,07-10-1971,,,17871174
,,,,,,,,,,,,,,,,,,Romantic Comedy,68181300,Can't Buy Me Love,,,,14-08-1987,,,31623833
,,,,,,,,,,,,,,,,,,Thriller/Suspense,26062188,D.O.A.,,,,18-03-1988,,,12706478
,,,,,,,,,,,,,,,,,,Adventure,2188229052,Pinocchio,G,,,09-02-1940,,,84300000
,,,,,,,,,,,,,,,,,,Adventure,1078510579,Song of the South,G,,,12-11-1946,,,65000000
,,,,,,,,,,,,,,,,,,Adventure,102254492,Oliver & Company,G,,,18-11-1988,,,49576671
,,,,,,,,,,,,,,,,,,Adventure,223726012,The Little Mermaid,G,,,15-11-1989,,,111543479
,,,,,,,,,,,,,,,,,,Adventure,36107823,DuckTales: The Movie - Treasure of th…,G,,,03-08-1990,,,18075331
,,,,,,,,,,,,,,,,,,Adventure,55796728,The Rescuers Down Under,G,,,16-11-1990,,,27931461
,,,,,,,,,,,,,,,,,,Adventure,85182343,Homeward Bound: The Incredible Journey,G,,,03-02-1993,,,41833324
,,,,,,,,,,,,,,,,,,Adventure,274370957,Pocahontas,G,,,10-06-1995,,,141579773
,,,,,,,,,,,,,,,,,,Adventure,370409631,Toy Story,G,,,22-11-1995,,,191796233
,,,,,,,,,,,,,,,,,,Adventure,65470567,Muppet Treasure Island,G,,,16-02-1996,,,34327391
,,,,,,,,,,,,,,,,,,Adventure,62384706,Homeward Bound II: Lost in San Franc…,G,,,08-03-1996,,,32709423
,,,,,,,,,,,,,,,,,,Adventure,190988799,The Hunchback of Notre Dame,G,,,21-06-1996,,,100138851
,,,,,,,,,,,,,,,,,,Adventure,182029412,Hercules,G,,,13-06-1997,,,99112101
,,,,,,,,,,,,,,,,,,Adventure,216807832,Mulan,G,,,19-06-1998,,,120620254
,,,,,,,,,,,,,,,,,,Adventure,288981698,A Bug's Life,G,,,20-11-1998,,,162798565
,,,,,,,,,,,,,,,,,,Adventure,32228598,Doug's 1st Movie,G,,,26-03-1999,,,19421271
,,,,,,,,,,,,,,,,,,Adventure,283900254,Tarzan,G,,,16-06-1999,,,171091819
,,,,,,,,,,,,,,,,,,Adventure,404450426,Toy Story 2,G,,,19-11-1999,,,245852179
,,,,,,,,,,,,,,,,,,Adventure,71228678,The Tigger Movie,G,,,11-02-2000,,,45542421
,,,,,,,,,,,,,,,,,,Adventure,136789252,The Emperor's New Groove,G,,,15-12-2000,,,89296573
,,,,,,,,,,,,,,,,,,Adventure,70269715,Peter Pan: Return to Neverland,G,,,15-02-2002,,,48430258
,,,,,,,,,,,,,,,,,,Adventure,24650121,The Country Bears,G,,,26-07-2002,,,16988996
,,,,,,,,,,,,,,,,,,Adventure,66966883,The Jungle Book 2,G,,,14-02-2003,,,47901582
,,,,,,,,,,,,,,,,,,Adventure,119218333,Brother Bear,G,,,24-10-2003,,,85336277
,,,,,,,,,,,,,,,,,,Adventure,9254344,Young Black Stallion,G,,,25-12-2003,,,6751389
,,,,,,,,,,,,,,,,,,Adventure,23801835,Pooh's Heffalump Movie,G,,,11-02-2005,,,18098433
,,,,,,,,,,,,,,,,,,Adventure,25616292,Valiant,G,,,19-08-2005,,,19478106
,,,,,,,,,,,,,,,,,,Adventure,177954661,Chicken Little,G,,,04-11-2005,,,135386665
,,,,,,,,,,,,,,,,,,Adventure,48114115,The Wild,G,,,14-04-2006,,,37384046
,,,,,,,,,,,,,,,,,,Adventure,119860589,Meet the Robinsons,G,,,30-03-2007,,,97822171
,,,,,,,,,,,,,,,,,,Adventure,262771918,WALL-E,G,,,27-06-2008,,,223808164
,,,,,,,,,,,,,,,,,,Adventure,16961607,Gake no ue no Ponyo,G,,,14-08-2009,,,15090399
,,,,,,,,,,,,,,,,,,Adventure,34509545,Toy Story 3D Double Feature,G,,,02-10-2009,,,30702446
,,,,,,,,,,,,,,,,,,Adventure,116316457,The Princess and the Frog,G,,,25-11-2009,,,104400899
,,,,,,,,,,,,,,,,,,Adventure,203522177,Cars 2,G,,,24-06-2011,,,191450875
,,,,,,,,,,,,,,,,,,Adventure,28375869,Winnie the Pooh,G,,,15-07-2011,,,26692846
,,,,,,,,,,,,,,,,,,Adventure,20325733,The Secret World of Arietty,G,,,17-02-2012,,,19192510
,,,,,,,,,,,,,,,,,,Adventure,278395641,Monsters University,G,,,21-06-2013,,,268488329
,,,,,,,,,,,,,,,,,,Comedy,1362870985,101 Dalmatians,G,,,25-01-1961,,,153000000
,,,,,,,,,,,,,,,,,,Comedy,55417615,The Muppet Christmas Carol,G,,,11-12-1992,,,27281507
,,,,,,,,,,,,,,,,,,Comedy,68479579,A Goofy Movie,G,,,07-04-1995,,,35336439
,,,,,,,,,,,,,,,,,,Comedy,258728898,101 Dalmatians,G,,,27-11-1996,,,136189294
,,,,,,,,,,,,,,,,,,Comedy,104055039,102 Dalmatians,G,,,22-11-2000,,,66941559
,,,,,,,,,,,,,,,,,,Comedy,54656124,Recess: School's Out,G,,,16-02-2001,,,36696761
,,,,,,,,,,,,,,,,,,Comedy,161218928,The Princess Diaries,G,,,03-08-2001,,,108244774
,,,,,,,,,,,,,,,,,,Comedy,201959095,The Santa Clause 2,G,,,01-11-2002,,,139225854
,,,,,,,,,,,,,,,,,,Comedy,32298812,Piglet's Big Movie,G,,,21-03-2003,,,23103423
,,,,,,,,,,,,,,,,,,Comedy,32064685,Ice Princess,G,,,18-03-2005,,,24381334
,,,,,,,,,,,,,,,,,,Comedy,86812798,Herbie: Fully Loaded,G,,,22-06-2005,,,66010682
,,,,,,,,,,,,,,,,,,Comedy,314140384,Cars,G,,,09-06-2006,,,244082982
,,,,,,,,,,,,,,,,,,Comedy,108694869,The Santa Clause 3: The Escape Clause,G,,,03-11-2006,,,84500122
,,,,,,,,,,,,,,,,,,Comedy,53550960,College Road Trip,G,,,07-03-2008,,,45610425
,,,,,,,,,,,,,,,,,,Comedy,106270797,Gnomeo and Juliet,G,,,11-02-2011,,,99967670
,,,,,,,,,,,,,,,,,,Concert/Performance,76646993,Hannah Montana/Miley Cyrus: Best of B…,G,,,01-02-2008,,,65281781
,,,,,,,,,,,,,,,,,,Concert/Performance,38174685,Jonas Brothers: The 3D Concert Experi…,G,,,27-02-2009,,,38174685
,,,,,,,,,,,,,,,,,,Documentary,23803108,Ghosts of the Abyss,G,,,11-04-2003,,,17093668
,,,,,,,,,,,,,,,,,,Documentary,11740942,Aliens of the Deep,G,,,28-01-2005,,,8968684
,,,,,,,,,,,,,,,,,,Documentary,12948025,Roving Mars,G,,,27-01-2006,,,10407978
,,,,,,,,,,,,,,,,,,Documentary,35981010,Earth,G,,,22-04-2009,,,32011576
,,,,,,,,,,,,,,,,,,Documentary,20751600,Oceans,G,,,22-04-2010,,,19422319
,,,,,,,,,,,,,,,,,,Documentary,16401551,African Cats,G,,,22-04-2011,,,15428747
,,,,,,,,,,,,,,,,,,Documentary,30675725,Chimpanzee,G,,,20-04-2012,,,28965459
,,,,,,,,,,,,,,,,,,Documentary,18346024,Bears,G,,,18-04-2014,,,17780194
,,,,,,,,,,,,,,,,,,Documentary,16432322,Monkey Kingdom,G,,,17-04-2015,,,16432322
,,,,,,,,,,,,,,,,,,Documentary,7895708,A Beautiful Planet,G,,,29-04-2016,,,7895708
,,,,,,,,,,,,,,,,,,Drama,920608730,Cinderella,G,,,15-02-1950,,,85000000
,,,,,,,,,,,,,,,,,,Drama,1236035515,Lady and the Tramp,G,,,22-06-1955,,,93600000
,,,,,,,,,,,,,,,,,,Drama,10111144,The Straight Story,G,,,15-10-1999,,,6197866
,,,,,,,,,,,,,,,,,,Drama,109691666,The Rookie,G,,,29-03-2002,,,75600072
,,,,,,,,,,,,,,,,,,Drama,89443640,Hannah Montana the Movie,G,,,10-04-2009,,,79576189
,,,,,,,,,,,,,,,,,,Musical,5228953251,Snow White and the Seven Dwarfs,G,,,21-12-1937,,,184925485
,,,,,,,,,,,,,,,,,,Musical,2187090808,Fantasia,G,,,13-11-1940,,,83320000
,,,,,,,,,,,,,,,,,,Musical,124841160,Babes in Toyland,G,,,14-12-1961,,,10218316
,,,,,,,,,,,,,,,,,,Musical,255161499,The Aristocats,G,,,24-04-1970,,,55675257
,,,,,,,,,,,,,,,,,,Musical,363017667,Beauty and the Beast,G,,,13-11-1991,,,218951625
,,,,,,,,,,,,,,,,,,Musical,94852354,Fantasia 2000 (IMAX),G,,,01-01-2000,,,60507228
,,,,,,,,,,,,,,,,,,Musical,14238144,Fantasia 2000 (Theatrical Release),G,,,16-06-2000,,,9103630
,,,,,,,,,,,,,,,,,,Musical,36980311,Beauty and the Beast (IMAX),G,,,01-01-2002,,,25487028
,,,,,,,,,,,,,,,,,,Musical,106308538,High School Musical 3: Senior Year,G,,,24-10-2008,,,90559416
,,,,,,,,,,,,,,,,,,Romantic Comedy,129164207,The Princess Diaries 2: Royal Engagement,G,,,11-08-2004,,,95149435
,,,,,,,,,,,,,,,,,,Comedy,109581646,Bon Voyage!,Not Rated,,,17-05-1962,,,9230769
,,,,,,,,,,,,,,,,,,Documentary,426246,America's Heart and Soul,Not Rated,,,02-07-2004,,,314000
,,,,,,,,,,,,,,,,,,,5497481,Newsies,PG,,,08-04-1992,,,2706352
,,,,,,,,,,,,,,,,,,,380218,Endurance,PG,,,14-05-1999,,,229128
,,,,,,,,,,,,,,,,,,Action,207231621,Dick Tracy,PG,,,15-06-1990,,,103738726
,,,,,,,,,,,,,,,,,,Action,93256673,The Rocketeer,PG,,,21-06-1991,,,46573027
,,,,,,,,,,,,,,,,,,Action,58965304,3 Ninjas,PG,,,07-08-1992,,,29028000
,,,,,,,,,,,,,,,,,,Action,42445058,Super Mario Bros.,PG,,,28-05-1993,,,20844907
,,,,,,,,,,,,,,,,,,Action,24267154,3 Ninjas Kick Back,PG,,,06-05-1994,,,11744960
,,,,,,,,,,,,,,,,,,Adventure,28073384,Return to Snowy River,PG,,,15-04-1988,,,13687027
,,,,,,,,,,,,,,,,,,Adventure,276191669,"Honey, I Shrunk the Kids",PG,,,23-06-1989,,,130724172
,,,,,,,,,,,,,,,,,,Adventure,69540672,White Fang,PG,,,18-01-1991,,,34729091
,,,,,,,,,,,,,,,,,,Adventure,30084149,Haakon Haakonsen,PG,,,01-03-1991,,,15024232
,,,,,,,,,,,,,,,,,,Adventure,26248558,A Far Off Place,PG,,,12-03-1993,,,12890752
,,,,,,,,,,,,,,,,,,Adventure,49080505,The Adventures of Huck Finn,PG,,,02-04-1993,,,24103594
,,,,,,,,,,,,,,,,,,Adventure,109310377,The Three Musketeers,PG,,,12-11-1993,,,53661805
,,,,,,,,,,,,,,,,,,Adventure,18083994,White Fang 2: Myth of the White Wolf,PG,,,15-04-1994,,,8752399
,,,,,,,,,,,,,,,,,,Adventure,47809421,Operation Dumbo Drop,PG,,,28-07-1995,,,24670346
,,,,,,,,,,,,,,,,,,Adventure,25981285,A Kid in King Arthur's Court,PG,,,11-08-1995,,,13406717
,,,,,,,,,,,,,,,,,,Adventure,45911517,Tom and Huck,PG,,,22-12-1995,,,23837227
,,,,,,,,,,,,,,,,,,Adventure,55159783,James and the Giant Peach,PG,,,12-04-1996,,,28921264
,,,,,,,,,,,,,,,,,,Adventure,87906042,Mighty Joe Young,PG,,,25-12-1998,,,50632037
,,,,,,,,,,,,,,,,,,Adventure,95208344,Mission to Mars,PG,,,10-03-2000,,,60874615
,,,,,,,,,,,,,,,,,,Adventure,215438985,Dinosaur,PG,,,19-05-2000,,,137748063
,,,,,,,,,,,,,,,,,,Adventure,125188122,Atlantis: The Lost Empire,PG,,,08-06-2001,,,84052762
,,,,,,,,,,,,,,,,,,Adventure,211506702,Lilo & Stitch,PG,,,21-06-2002,,,145771527
,,,,,,,,,,,,,,,,,,Adventure,14338992,Sen to Chihiro no Kamikakushi,PG,,,20-09-2002,,,10049886
,,,,,,,,,,,,,,,,,,Adventure,55189145,Treasure Planet,PG,,,27-11-2002,,,38120554
,,,,,,,,,,,,,,,,,,Adventure,32585356,Around the World in 80 Days,PG,,,16-06-2004,,,24004159
,,,,,,,,,,,,,,,,,,Adventure,354488708,The Incredibles,PG,,,05-11-2004,,,261441092
,,,,,,,,,,,,,,,,,,Adventure,234069353,National Treasure,PG,,,19-11-2004,,,173005002
,,,,,,,,,,,,,,,,,,Adventure,6194870,Hauru no ugoku shiro,PG,,,10-06-2005,,,4710455
,,,,,,,,,,,,,,,,,,Adventure,84088854,Sky High,PG,,,29-07-2005,,,63939454
,,,,,,,,,,,,,,,,,,Adventure,381557539,"The Chronicles of Narnia: The Lion, t…",PG,,,09-12-2005,,,291710957
,,,,,,,,,,,,,,,,,,Adventure,105037235,Eight Below,PG,,,17-02-2006,,,81612565
,,,,,,,,,,,,,,,,,,Adventure,53619462,Underdog,PG,,,03-08-2007,,,43760605
,,,,,,,,,,,,,,,,,,Adventure,267003525,National Treasure 2: Book of Secrets,PG,,,21-12-2007,,,219961501
,,,,,,,,,,,,,,,,,,Adventure,166277038,The Chronicles of Narnia: Prince Caspian,PG,,,16-05-2008,,,141621490
,,,,,,,,,,,,,,,,,,Adventure,75501997,Race to Witch Mountain,PG,,,13-03-2009,,,67172594
,,,,,,,,,,,,,,,,,,Adventure,134246932,G-Force,PG,,,24-07-2009,,,119436770
,,,,,,,,,,,,,,,,,,Adventure,357063499,Alice in Wonderland,PG,,,05-03-2010,,,334191110
,,,,,,,,,,,,,,,,,,Adventure,67473105,The Sorcerer's Apprentice,PG,,,14-07-2010,,,63150991
,,,,,,,,,,,,,,,,,,Adventure,214388548,Tangled,PG,,,24-11-2010,,,200821936
,,,,,,,,,,,,,,,,,,Adventure,183619259,Tron: Legacy,PG,,,17-12-2010,,,172062763
,,,,,,,,,,,,,,,,,,Adventure,22741603,Mars Needs Moms,PG,,,11-03-2011,,,21392758
,,,,,,,,,,,,,,,,,,Adventure,2984,Zokkomon,PG,,,22-04-2011,,,2815
,,,,,,,,,,,,,,,,,,Adventure,251292441,Brave,PG,,,22-06-2012,,,237282182
,,,,,,,,,,,,,,,,,,Adventure,200354959,Wreck-It Ralph,PG,,,02-11-2012,,,189412677
,,,,,,,,,,,,,,,,,,Adventure,243434130,Oz the Great and Powerful,PG,,,08-03-2013,,,234770996
,,,,,,,,,,,,,,,,,,Adventure,414997174,Frozen,PG,,,22-11-2013,,,400738009
,,,,,,,,,,,,,,,,,,Adventure,249089809,Maleficent,PG,,,30-05-2014,,,241407328
,,,,,,,,,,,,,,,,,,Adventure,61040349,Planes: Fire and Rescue,PG,,,18-07-2014,,,59157732
,,,,,,,,,,,,,,,,,,Adventure,229249222,Big Hero 6,PG,,,07-11-2014,,,222527828
,,,,,,,,,,,,,,,,,,Adventure,12429583,Strange Magic,PG,,,23-01-2015,,,12429583
,,,,,,,,,,,,,,,,,,Adventure,93436322,Tomorrowland,PG,,,22-05-2015,,,93436322
,,,,,,,,,,,,,,,,,,Adventure,356461711,Inside Out,PG,,,19-06-2015,,,356461711
,,,,,,,,,,,,,,,,,,Adventure,123087120,The Good Dinosaur,PG,,,25-11-2015,,,123087120
,,,,,,,,,,,,,,,,,,Adventure,341268248,Zootopia,PG,,,04-03-2016,,,341268248
,,,,,,,,,,,,,,,,,,Adventure,77042381,Alice Through the Looking Glass,PG,,,27-05-2016,,,77042381
,,,,,,,,,,,,,,,,,,Adventure,55483770,The BFG,PG,,,01-07-2016,,,55483770
,,,,,,,,,,,,,,,,,,Adventure,76233151,Pete’s Dragon,PG,,,12-08-2016,,,76233151
,,,,,,,,,,,,,,,,,,Adventure,246082029,Moana,PG,,,23-11-2016,,,246082029
,,,,,,,,,,,,,,,,,,Comedy,157057661,Splash,PG,,,09-03-1984,,,62599495
,,,,,,,,,,,,,,,,,,Comedy,353334607,3 Men and a Baby,PG,,,25-11-1987,,,167780960
,,,,,,,,,,,,,,,,,,Comedy,82352451,Big Business,PG,,,10-06-1988,,,40150487
,,,,,,,,,,,,,,,,,,Comedy,316250084,Who Framed Roger Rabbit?,PG,,,22-06-1988,,,154112492
,,,,,,,,,,,,,,,,,,Comedy,57845202,Ernest Saves Christmas,PG,,,11-11-1988,,,28202109
,,,,,,,,,,,,,,,,,,Comedy,150176361,Turner & Hooch,PG,,,28-07-1989,,,71079915
,,,,,,,,,,,,,,,,,,Comedy,49999822,Ernest Goes to Jail,PG,,,06-04-1990,,,25029569
,,,,,,,,,,,,,,,,,,Comedy,29964452,Spaced Invaders,PG,,,27-04-1990,,,15000000
,,,,,,,,,,,,,,,,,,Comedy,143108869,3 Men and a Little Lady,PG,,,21-11-1990,,,71609321
,,,,,,,,,,,,,,,,,,Comedy,47181395,Oscar,PG,,,26-04-1991,,,23562716
,,,,,,,,,,,,,,,,,,Comedy,127571325,What About Bob?,PG,,,17-05-1991,,,63710000
,,,,,,,,,,,,,,,,,,Comedy,28320147,Ernest Scared Stupid,PG,,,11-10-1991,,,14143280
,,,,,,,,,,,,,,,,,,Comedy,179821881,Father of the Bride,PG,,,20-12-1991,,,89325780
,,,,,,,,,,,,,,,,,,Comedy,43068356,Straight Talk,PG,,,03-04-1992,,,21202099
,,,,,,,,,,,,,,,,,,Comedy,81369058,Encino Man,PG,,,22-05-1992,,,40057130
,,,,,,,,,,,,,,,,,,Comedy,283583472,Sister Act,PG,,,29-05-1992,,,139605150
,,,,,,,,,,,,,,,,,,Comedy,119162518,Honey I Blew Up the Kid,PG,,,17-07-1992,,,58662452
,,,,,,,,,,,,,,,,,,Comedy,103120810,The Mighty Ducks,PG,,,02-10-1992,,,50752337
,,,,,,,,,,,,,,,,,,Comedy,25146538,Life With Mikey,PG,,,04-06-1993,,,12349549
,,,,,,,,,,,,,,,,,,Comedy,80147079,Hocus Pocus,PG,,,16-07-1993,,,39360491
,,,,,,,,,,,,,,,,,,Comedy,140392731,Cool Runnings,PG,,,01-10-1993,,,68856263
,,,,,,,,,,,,,,,,,,Comedy,116965668,Sister Act 2 Back in the Habit,PG,,,10-12-1993,,,57319029
,,,,,,,,,,,,,,,,,,Comedy,42940186,The Air Up There,PG,,,07-01-1994,,,20782439
,,,,,,,,,,,,,,,,,,Comedy,63170804,Blank Check,PG,,,11-02-1994,,,30573770
,,,,,,,,,,,,,,,,,,Comedy,94226333,D2: The Mighty Ducks,PG,,,25-03-1994,,,45604206
,,,,,,,,,,,,,,,,,,Comedy,103798152,Angels in the Outfield,PG,,,15-07-1994,,,50236831
,,,,,,,,,,,,,,,,,,Comedy,59673787,In the Army Now,PG,,,12-08-1994,,,28881266
,,,,,,,,,,,,,,,,,,Comedy,21576332,Camp Nowhere,PG,,,26-08-1994,,,10442641
,,,,,,,,,,,,,,,,,,Comedy,298369717,The Santa Clause,PG,,,11-11-1994,,,144833357
,,,,,,,,,,,,,,,,,,Comedy,51016522,Houseguest,PG,,,06-01-1995,,,26325256
,,,,,,,,,,,,,,,,,,Comedy,34245779,Heavy Weights,PG,,,17-02-1995,,,17671310
,,,,,,,,,,,,,,,,,,Comedy,77573459,Man of the House,PG,,,03-03-1995,,,40029009
,,,,,,,,,,,,,,,,,,Comedy,23404369,Roommates,PG,,,03-03-1995,,,12076989
,,,,,,,,,,,,,,,,,,Comedy,34372339,The Big Green,PG,,,29-09-1995,,,17736619
,,,,,,,,,,,,,,,,,,Comedy,147658438,Father of the Bride Part II,PG,,,08-12-1995,,,76578911
,,,,,,,,,,,,,,,,,,Comedy,1963937,Un indien dans la ville,PG,,,22-03-1996,,,1029731
,,,,,,,,,,,,,,,,,,Comedy,36009655,Kazaam,PG,,,17-07-1996,,,18880508
,,,,,,,,,,,,,,,,,,Comedy,50465108,First Kid,PG,,,30-08-1996,,,26465920
,,,,,,,,,,,,,,,,,,Comedy,43713554,D3: The Mighty Ducks,PG,,,04-10-1996,,,22936273
,,,,,,,,,,,,,,,,,,Comedy,33613158,That Darn Cat,PG,,,14-02-1997,,,18301828
,,,,,,,,,,,,,,,,,,Comedy,110058379,Jungle 2 Jungle,PG,,,07-03-1997,,,59925026
,,,,,,,,,,,,,,,,,,Comedy,36265379,Gone Fishin',PG,,,30-05-1997,,,19745922
,,,,,,,,,,,,,,,,,,Comedy,193326632,George Of The Jungle,PG,,,16-07-1997,,,105263257
,,,,,,,,,,,,,,,,,,Comedy,45266588,Air Bud,PG,,,01-08-1997,,,24646936
,,,,,,,,,,,,,,,,,,Comedy,28371890,Rocket Man,PG,,,10-10-1997,,,15448043
,,,,,,,,,,,,,,,,,,Comedy,170406423,Flubber,PG,,,26-11-1997,,,92993801
,,,,,,,,,,,,,,,,,,Comedy,39145784,Mr. Magoo,PG,,,25-12-1997,,,21437192
,,,,,,,,,,,,,,,,,,Comedy,7829877,Meet the Deedles,PG,,,27-03-1998,,,4356126
,,,,,,,,,,,,,,,,,,Comedy,119185667,The Parent Trap,PG,,,29-07-1998,,,66308518
,,,,,,,,,,,,,,,,,,Comedy,21694605,Holy Man,PG,,,09-10-1998,,,12069719
,,,,,,,,,,,,,,,,,,Comedy,21941840,I'll Be Home For Christmas,PG,,,13-11-1998,,,12214338
,,,,,,,,,,,,,,,,,,Comedy,61150849,My Favorite Martian,PG,,,12-02-1999,,,36850101
,,,,,,,,,,,,,,,,,,Comedy,161610341,Inspector Gadget,PG,,,23-07-1999,,,97387965
,,,,,,,,,,,,,,,,,,Comedy,108993148,The Kid,PG,,,07-07-2000,,,69688384
,,,,,,,,,,,,,,,,,,Comedy,25749730,Max Keeble's Big Move,PG,,,05-10-2001,,,17292381
,,,,,,,,,,,,,,,,,,Comedy,117745317,Snow Dogs,PG,,,18-01-2002,,,81150692
,,,,,,,,,,,,,,,,,,Comedy,59743191,The Lizzie McGuire Movie,PG,,,02-05-2003,,,42734455
,,,,,,,,,,,,,,,,,,Comedy,154090360,Freaky Friday,PG,,,06-08-2003,,,110222438
,,,,,,,,,,,,,,,,,,Comedy,105775678,The Haunted Mansion,PG,,,26-11-2003,,,75817994
,,,,,,,,,,,,,,,,,,Comedy,8812764,Teacher's Pet: The Movie,PG,,,16-01-2004,,,6491969
,,,,,,,,,,,,,,,,,,Comedy,39816568,Confessions of a Teenage Drama Queen,PG,,,20-02-2004,,,29331068
,,,,,,,,,,,,,,,,,,Comedy,67910166,Home on the Range,PG,,,02-04-2004,,,50026353
,,,,,,,,,,,,,,,,,,Comedy,148619029,The Pacifier,PG,,,04-03-2005,,,113006880
,,,,,,,,,,,,,,,,,,Comedy,67096891,The Hitchhiker's Guide to the Galaxy,PG,,,29-04-2005,,,51019112
,,,,,,,,,,,,,,,,,,Comedy,78667428,The Shaggy Dog,PG,,,10-03-2006,,,61123569
,,,,,,,,,,,,,,,,,,Comedy,111010758,The Game Plan,PG,,,22-09-2007,,,90648202
,,,,,,,,,,,,,,,,,,Comedy,110932022,Beverly Hills Chihuahua,PG,,,03-10-2008,,,94514402
,,,,,,,,,,,,,,,,,,Comedy,133702498,Bolt,PG,,,21-11-2008,,,114053759
,,,,,,,,,,,,,,,,,,Comedy,128039679,Bedtime Stories,PG,,,25-12-2008,,,110101975
,,,,,,,,,,,,,,,,,,Comedy,55503929,Old Dogs,PG,,,25-11-2009,,,49492060
,,,,,,,,,,,,,,,,,,Comedy,27461121,You Again,PG,,,24-09-2010,,,25702053
,,,,,,,,,,,,,,,,,,Comedy,10768946,Prom,PG,,,29-04-2011,,,10130219
,,,,,,,,,,,,,,,,,,Comedy,94189503,The Muppets,PG,,,23-11-2011,,,88625922
,,,,,,,,,,,,,,,,,,Comedy,37363513,Frankenweenie,PG,,,05-10-2012,,,35287788
,,,,,,,,,,,,,,,,,,Comedy,93614037,Disney Planes,PG,,,09-08-2013,,,90282580
,,,,,,,,,,,,,,,,,,Comedy,52807594,Muppets Most Wanted,PG,,,21-03-2014,,,51178893
,,,,,,,,,,,,,,,,,,Comedy,69055550,"Alexander and the Terrible, Horrible,…",PG,,,10-10-2014,,,66954149
,,,,,,,,,,,,,,,,,,Documentary,6089874,ESPN's Ultimate X - The Movie,PG,,,10-05-2002,,,4197175
,,,,,,,,,,,,,,,,,,Documentary,322979,Morning Light,PG,,,17-10-2008,,,275093
,,,,,,,,,,,,,,,,,,Documentary,1563976,X Games 3D: The Movie,PG,,,21-08-2009,,,1391434
,,,,,,,,,,,,,,,,,,Documentary,23064,Walt and El Grupo,PG,,,10-09-2009,,,20521
,,,,,,,,,,,,,,,,,,Documentary,86264,Waking Sleeping Beauty,PG,,,26-03-2010,,,80741
,,,,,,,,,,,,,,,,,,Drama,22740861,New York Stories,PG,,,01-03-1989,,,10763469
,,,,,,,,,,,,,,,,,,Drama,202531517,Dead Poets Society,PG,,,02-06-1989,,,95860116
,,,,,,,,,,,,,,,,,,Drama,42610902,Iron Will,PG,,,14-01-1994,,,20623071
,,,,,,,,,,,,,,,,,,Drama,6858345,Squanto: A Warrior's Tale,PG,,,28-10-1994,,,3319344
,,,,,,,,,,,,,,,,,,Drama,15365850,Unstrung Heroes,PG,,,15-09-1995,,,7929000
,,,,,,,,,,,,,,,,,,Drama,157508868,Mr. Holland's Opus,PG,,,29-12-1995,,,82582604
,,,,,,,,,,,,,,,,,,Drama,199559799,Phenomenon,PG,,,05-07-1996,,,104636382
,,,,,,,,,,,,,,,,,,Drama,91076877,The Preacher's Wife,PG,,,13-12-1996,,,48102795
,,,,,,,,,,,,,,,,,,Drama,3257546,Washington Square,PG,,,05-10-1997,,,1775644
,,,,,,,,,,,,,,,,,,Drama,32809442,Simon Birch,PG,,,11-09-1998,,,18253415
,,,,,,,,,,,,,,,,,,Drama,94838225,Bicentennial Man,PG,,,17-12-1999,,,58220776
,,,,,,,,,,,,,,,,,,Drama,180742479,Remember the Titans,PG,,,29-09-2000,,,115654751
,,,,,,,,,,,,,,,,,,Drama,27789959,Tuck Everlasting,PG,,,11-10-2002,,,19161999
,,,,,,,,,,,,,,,,,,Drama,94203395,Holes,PG,,,18-04-2003,,,67383924
,,,,,,,,,,,,,,,,,,Drama,87392478,Miracle,PG,,,06-02-2004,,,64378093
,,,,,,,,,,,,,,,,,,Drama,20162672,The Greatest Game Ever Played,PG,,,30-09-2005,,,15331289
,,,,,,,,,,,,,,,,,,Drama,54888236,Glory Road,PG,,,13-01-2006,,,42647449
,,,,,,,,,,,,,,,,,,Drama,5512647,Goal! The Dream Begins,PG,,,12-05-2006,,,4283255
,,,,,,,,,,,,,,,,,,Drama,74398864,Invincible,PG,,,25-08-2006,,,57806952
,,,,,,,,,,,,,,,,,,Drama,100760721,Bridge to Terabithia,PG,,,16-02-2007,,,82234139
,,,,,,,,,,,,,,,,,,Drama,154927105,Disney's A Christmas Carol,PG,,,06-11-2009,,,137855863
,,,,,,,,,,,,,,,,,,Drama,67258772,The Last Song,PG,,,31-03-2010,,,62950384
,,,,,,,,,,,,,,,,,,Drama,63781920,Secretariat,PG,,,08-10-2010,,,59699513
,,,,,,,,,,,,,,,,,,Drama,54914942,The Odd Life of Timothy Green,PG,,,15-08-2012,,,51853450
,,,,,,,,,,,,,,,,,,Drama,37607865,Million Dollar Arm,PG,,,10-05-2014,,,36447959
,,,,,,,,,,,,,,,,,,Drama,44480275,"McFarland, USA",PG,,,20-02-2015,,,44480275
,,,,,,,,,,,,,,,,,,Drama,201151353,Cinderella,PG,,,13-03-2015,,,201151353
,,,,,,,,,,,,,,,,,,Drama,8874389,Queen of Katwe,PG,,,23-09-2016,,,8874389
,,,,,,,,,,,,,,,,,,Musical,100026637,The Nightmare Before Christmas,PG,,,13-10-1993,,,50408318
,,,,,,,,,,,,,,,,,,Musical,92077628,Evita,PG,,,25-12-1996,,,50047179
,,,,,,,,,,,,,,,,,,Musical,30737517,Tim Burton's The Nightmare Before Chr…,PG,,,20-10-2006,,,24732041
,,,,,,,,,,,,,,,,,,Musical,130894237,Into the Woods,PG,,,25-12-2014,,,128002372
,,,,,,,,,,,,,,,,,,Romantic Comedy,36165012,Born Yesterday,PG,,,26-03-1993,,,17760754
,,,,,,,,,,,,,,,,,,Romantic Comedy,63651027,I Love Trouble,PG,,,29-06-1994,,,30806194
,,,,,,,,,,,,,,,,,,Romantic Comedy,907414,A Pyromaniac's Love Story,PG,,,28-03-1995,,,468240
,,,,,,,,,,,,,,,,,,Romantic Comedy,157082900,While You Were Sleeping,PG,,,21-04-1995,,,81057016
,,,,,,,,,,,,,,,,,,Romantic Comedy,156074310,Enchanted,PG,,,21-11-2007,,,127706877
,,,,,,,,,,,,,,,,,,Romantic Comedy,49767744,Confessions of a Shopaholic,PG,,,13-02-2009,,,44277350
,,,,,,,,,,,,,,,,,,Romantic Comedy,55961409,The Hundred-Foot Journey,PG,,,08-08-2014,,,54235441
,,,,,,,,,,,,,,,,,,Thriller/Suspense,27569558,The Finest Hours,PG,,,29-01-2016,,,27569558
,,,,,,,,,,,,,,,,,,Western,15983331,Tall Tale,PG,,,24-03-1995,,,8247627
,,,,,,,,,,,,,,,,,,,8187848,Passed Away,PG-13,,,24-04-1992,,,4030793
,,,,,,,,,,,,,,,,,,,7295423,A Gun in Betty Lou's Handbag,PG-13,,,21-08-1992,,,3591460
,,,,,,,,,,,,,,,,,,,6554384,My Boyfriend's Back,PG-13,,,06-08-1993,,,3218882
,,,,,,,,,,,,,,,,,,,6654819,Father Hood,PG-13,,,27-08-1993,,,3268203
,,,,,,,,,,,,,,,,,,Action,29485923,Fire Birds,PG-13,,,24-05-1990,,,14760451
,,,,,,,,,,,,,,,,,,Action,34048315,Terminal Velocity,PG-13,,,23-09-1994,,,16478900
,,,,,,,,,,,,,,,,,,Action,158970411,Gone in 60 Seconds,PG-13,,,09-06-2000,,,101643008
,,,,,,,,,,,,,,,,,,Action,44418589,Double Take,PG-13,,,12-01-2001,,,29823162
,,,,,,,,,,,,,,,,,,Action,295705112,Pearl Harbor,PG-13,,,25-05-2001,,,198539855
,,,,,,,,,,,,,,,,,,Action,62480631,Reign of Fire,PG-13,,,19-02-2002,,,43061982
,,,,,,,,,,,,,,,,,,Action,43756218,Bad Company,PG-13,,,07-06-2002,,,30157016
,,,,,,,,,,,,,,,,,,Action,101161045,Ladder 49,PG-13,,,01-10-2004,,,74541707
,,,,,,,,,,,,,,,,,,Action,70801353,The Guardian,PG-13,,,29-09-2006,,,55011732
,,,,,,,,,,,,,,,,,,Action,43361416,Surrogates,PG-13,,,25-09-2009,,,38577772
,,,,,,,,,,,,,,,,,,Action,96971361,Prince of Persia: Sands of Time,PG-13,,,28-05-2010,,,90759676
,,,,,,,,,,,,,,,,,,Action,90848019,Real Steel,PG-13,,,07-10-2011,,,85463309
,,,,,,,,,,,,,,,,,,Action,44955015,Need for Speed,PG-13,,,14-03-2014,,,43568507
,,,,,,,,,,,,,,,,,,Action,268013076,Captain America: The Winter Soldier,PG-13,,,04-04-2014,,,259746958
,,,,,,,,,,,,,,,,,,Action,180202163,Ant-Man,PG-13,,,17-07-2015,,,180202163
,,,,,,,,,,,,,,,,,,Action,408084349,Captain America: Civil War,PG-13,,,06-05-2016,,,408084349
,,,,,,,,,,,,,,,,,,Adventure,14421454,1492: Conquest of Paradise,PG-13,,,09-10-1992,,,7099531
,,,,,,,,,,,,,,,,,,Adventure,19509726,White Squall,PG-13,,,02-02-1996,,,10229300
,,,,,,,,,,,,,,,,,,Adventure,362324957,Armageddon,PG-13,,,01-07-1998,,,201578182
,,,,,,,,,,,,,,,,,,Adventure,84537962,Shanghai Knights,PG-13,,,07-02-2003,,,60470220
,,,,,,,,,,,,,,,,,,Adventure,426967926,Pirates of the Caribbean: The Curse o…,PG-13,,,09-07-2003,,,305411224
,,,,,,,,,,,,,,,,,,Adventure,70423706,King Arthur,PG-13,,,07-07-2004,,,51877963
,,,,,,,,,,,,,,,,,,Adventure,544817142,Pirates of the Caribbean: Dead Man’…,PG-13,,,07-07-2006,,,423315812
,,,,,,,,,,,,,,,,,,Adventure,379129960,Pirates of the Caribbean: At World’…,PG-13,,,24-05-2007,,,309420425
,,,,,,,,,,,,,,,,,,Adventure,51988,Gedo Senki (Tales from Earthsea),PG-13,,,13-08-2010,,,48658
,,,,,,,,,,,,,,,,,,Adventure,58574607,I am Number Four,PG-13,,,18-02-2011,,,55100437
,,,,,,,,,,,,,,,,,,Adventure,256263359,Pirates of the Caribbean: On Stranger…,PG-13,,,20-05-2011,,,241063875
,,,,,,,,,,,,,,,,,,Adventure,77372445,John Carter,PG-13,,,09-03-2012,,,73058679
,,,,,,,,,,,,,,,,,,Adventure,213962184,Thor: The Dark World,PG-13,,,08-11-2013,,,206362140
,,,,,,,,,,,,,,,,,,Adventure,232532923,Doctor Strange,PG-13,,,04-11-2016,,,232532923
,,,,,,,,,,,,,,,,,306000000,Adventure,936662225,Star Wars Ep. VII: The Force Awakens,PG-13,306.098766340,630662225,18-12-2015,936662225,Star Wars Ep. VII: The Force Awakens,936662225
,,,,,,,,,,,,,,,,,,Comedy,85757817,Three Fugitives,PG-13,,,27-01-1989,,,40590000
,,,,,,,,,,,,,,,,,,Comedy,30722056,Mr. Destiny,PG-13,,,12-10-1990,,,15379253
,,,,,,,,,,,,,,,,,,Comedy,5872667,Blame it on the Bellboy,PG-13,,,06-03-1992,,,2891055
,,,,,,,,,,,,,,,,,,Comedy,4631720,Noises Off...,PG-13,,,20-03-1992,,,2280148
,,,,,,,,,,,,,,,,,,Comedy,45741576,Captain Ron,PG-13,,,18-09-1992,,,22518097
,,,,,,,,,,,,,,,,,,Comedy,11369541,The Cemetery Club,PG-13,,,03-02-1993,,,5583621
,,,,,,,,,,,,,,,,,,Comedy,52921433,Son in Law,PG-13,,,02-07-1993,,,25989889
,,,,,,,,,,,,,,,,,,Comedy,40943541,Another Stakeout,PG-13,,,23-07-1993,,,20107504
,,,,,,,,,,,,,,,,,,Comedy,7168577,Cabin Boy,PG-13,,,07-01-1994,,,3469493
,,,,,,,,,,,,,,,,,,Comedy,49945474,Renaissance Man,PG-13,,,03-06-1994,,,24172899
,,,,,,,,,,,,,,,,,,Comedy,17623615,Celtic Pride,PG-13,,,19-04-1996,,,9240378
,,,,,,,,,,,,,,,,,,Comedy,51373912,Spy Hard,PG-13,,,24-05-1996,,,26936265
,,,,,,,,,,,,,,,,,,Comedy,59828966,Eddie,PG-13,,,31-05-1996,,,31369401
,,,,,,,,,,,,,,,,,,Comedy,24333094,The Associate,PG-13,,,25-10-1996,,,12772657
,,,,,,,,,,,,,,,,,,Comedy,27117599,The Sixth Man,PG-13,,,28-03-1997,,,14765099
,,,,,,,,,,,,,,,,,,Comedy,13608633,Krippendorf's Tribe,PG-13,,,27-02-1998,,,7571115
,,,,,,,,,,,,,,,,,,Comedy,35668055,Jane Austen's Mafia,PG-13,,,24-07-1998,,,19843795
,,,,,,,,,,,,,,,,,,Comedy,288691833,The Waterboy,PG-13,,,06-11-1998,,,161491646
,,,,,,,,,,,,,,,,,,Comedy,20362201,The Crew,PG-13,,,25-08-2000,,,13019253
,,,,,,,,,,,,,,,,,,Comedy,67922002,"O Brother, Where Art Thou?",PG-13,,,22-12-2000,,,45506619
,,,,,,,,,,,,,,,,,,Comedy,7114869,Just Visiting,PG-13,,,06-04-2001,,,4777007
,,,,,,,,,,,,,,,,,,Comedy,7450434,Bubble Boy,PG-13,,,24-08-2001,,,5002310
,,,,,,,,,,,,,,,,,,Comedy,35705805,Corky Romano,PG-13,,,12-10-2001,,,23978402
,,,,,,,,,,,,,,,,,,Comedy,20700691,Out Cold,PG-13,,,21-11-2001,,,13906394
,,,,,,,,,,,,,,,,,,Comedy,10537188,Big Trouble,PG-13,,,05-04-2002,,,7262288
,,,,,,,,,,,,,,,,,,Comedy,184521151,Sweet Home Alabama,PG-13,,,27-09-2002,,,127214072
,,,,,,,,,,,,,,,,,,Comedy,50624654,The Hot Chick,PG-13,,,13-12-2002,,,35081550
,,,,,,,,,,,,,,,,,,Comedy,185481530,Bringing Down the House,PG-13,,,07-03-2003,,,132675402
,,,,,,,,,,,,,,,,,,Comedy,60944053,Under the Tuscan Sun,PG-13,,,26-09-2003,,,43601508
,,,,,,,,,,,,,,,,,,Comedy,42379650,Calendar Girls,PG-13,,,19-12-2003,,,31011616
,,,,,,,,,,,,,,,,,,Comedy,50886144,Raising Helen,PG-13,,,28-05-2004,,,37485528
,,,,,,,,,,,,,,,,,,Comedy,29593641,Mr. 3000,PG-13,,,17-09-2004,,,21800302
,,,,,,,,,,,,,,,,,,Comedy,28716947,A Lot Like Love,PG-13,,,22-04-2005,,,21835784
,,,,,,,,,,,,,,,,,,Comedy,34634731,Stick It,PG-13,,,28-04-2006,,,26910736
,,,,,,,,,,,,,,,,,,Comedy,206110533,Wild Hogs,PG-13,,,02-03-2007,,,168213584
,,,,,,,,,,,,,,,,,,Comedy,19125841,Swing Vote,PG-13,,,01-08-2008,,,16289867
,,,,,,,,,,,,,,,,,,Comedy,31787136,Delivery Man,PG-13,,,22-11-2013,,,30659817
,,,,,,,,,,,,,,,,,,Drama,120381757,Beaches,PG-13,,,21-12-1988,,,57041866
,,,,,,,,,,,,,,,,,,Drama,23972012,Gross Anatomy,PG-13,,,20-10-1989,,,11346186
,,,,,,,,,,,,,,,,,,Drama,40077147,Stella,PG-13,,,02-02-1990,,,20062347
,,,,,,,,,,,,,,,,,,Drama,75084021,The Doctor,PG-13,,,24-07-1991,,,37497480
,,,,,,,,,,,,,,,,,,Drama,37313540,Paradise,PG-13,,,18-09-1991,,,18634643
,,,,,,,,,,,,,,,,,,Drama,91304495,Medicine Man,PG-13,,,07-02-1992,,,44948240
,,,,,,,,,,,,,,,,,,Drama,24950752,A Stranger Among Us,PG-13,,,17-07-1992,,,12282994
,,,,,,,,,,,,,,,,,,Drama,14841352,Sarafina!,PG-13,,,18-09-1992,,,7306242
,,,,,,,,,,,,,,,,,,Drama,7035189,A Simple Twist of Fate,PG-13,,,02-09-1994,,,3404935
,,,,,,,,,,,,,,,,,,Drama,50840394,Quiz Show,PG-13,,,14-09-1994,,,24787282
,,,,,,,,,,,,,,,,,,Drama,4770461,Jefferson in Paris,PG-13,,,31-03-1995,,,2461628
,,,,,,,,,,,,,,,,,,Drama,29934306,Mad Love,PG-13,,,26-05-1995,,,15446532
,,,,,,,,,,,,,,,,,,Drama,59727216,Powder,PG-13,,,27-10-1995,,,30833914
,,,,,,,,,,,,,,,,,,Drama,16482589,Before and After,PG-13,,,23-02-1996,,,8642118
,,,,,,,,,,,,,,,,,,Drama,97356578,Up Close & Personal,PG-13,,,01-03-1996,,,51045801
,,,,,,,,,,,,,,,,,,Drama,41826566,Boys,PG-13,,,10-05-1996,,,21930418
,,,,,,,,,,,,,,,,,,Drama,111792852,Jack,PG-13,,,09-08-1996,,,58617334
,,,,,,,,,,,,,,,,,,Drama,1085093,Prefontaine,PG-13,,,24-01-1997,,,590817
,,,,,,,,,,,,,,,,,,Drama,10236836,Kundun,PG-13,,,25-12-1997,,,5686694
,,,,,,,,,,,,,,,,,,Drama,135497531,The Horse Whisperer,PG-13,,,15-05-1998,,,75383563
,,,,,,,,,,,,,,,,,,Drama,94139530,A Civil Action,PG-13,,,25-12-1998,,,56709981
,,,,,,,,,,,,,,,,,,Drama,95070168,Coyote Ugly,PG-13,,,04-08-2000,,,60786269
,,,,,,,,,,,,,,,,,,Drama,25214223,crazy/beautiful,PG-13,,,29-06-2001,,,16929123
,,,,,,,,,,,,,,,,,,Drama,78682079,The Count of Monte Cristo,PG-13,,,25-01-2002,,,54228104
,,,,,,,,,,,,,,,,,,Drama,9909094,Moonlight Mile,PG-13,,,27-09-2002,,,6830957
,,,,,,,,,,,,,,,,,,Drama,22044113,Annapolis,PG-13,,,27-01-2006,,,17127992
,,,,,,,,,,,,,,,,,,Drama,84078780,Step Up,PG-13,,,11-08-2006,,,65328121
,,,,,,,,,,,,,,,,,,Drama,68118371,Step Up 2 the Streets,PG-13,,,14-02-2008,,,58017783
,,,,,,,,,,,,,,,,,,Drama,264247,Goal! 2: Living the Dream...,PG-13,,,29-08-2008,,,225067
,,,,,,,,,,,,,,,,,,Drama,45302137,Step Up 3D,PG-13,,,06-08-2010,,,42400223
,,,,,,,,,,,,,,,,,,Drama,180404976,The Help,PG-13,,,10-08-2011,,,169705587
,,,,,,,,,,,,,,,,,,Drama,84762149,War Horse,PG-13,,,25-12-2011,,,79883359
,,,,,,,,,,,,,,,,,,Drama,13165822,People Like Us,PG-13,,,29-06-2012,,,12431792
,,,,,,,,,,,,,,,,,,Drama,192122330,Lincoln,PG-13,,,09-11-2012,,,182207973
,,,,,,,,,,,,,,,,,,Drama,5367415,Kaze Tachinu,PG-13,,,08-11-2013,,,5201879
,,,,,,,,,,,,,,,,,,Drama,86249969,Saving Mr. Banks,PG-13,,,13-12-2013,,,83299761
,,,,,,,,,,,,,,,,,,Drama,12545979,The Light Between Oceans,PG-13,,,02-09-2016,,,12545979
,,,,,,,,,,,,,,,,,,Horror,29712825,Stay Alive,PG-13,,,24-03-2006,,,23086480
,,,,,,,,,,,,,,,,,,Musical,11468231,Swing Kids,PG-13,,,05-03-1993,,,5632086
,,,,,,,,,,,,,,,,,,Romantic Comedy,59679131,Green Card,PG-13,,,25-12-1990,,,29804169
,,,,,,,,,,,,,,,,,,Romantic Comedy,15970955,Aspen Extreme,PG-13,,,22-01-1993,,,7843388
,,,,,,,,,,,,,,,,,,Romantic Comedy,9857435,Miami Rhapsody,PG-13,,,27-01-1995,,,5086578
,,,,,,,,,,,,,,,,,,Romantic Comedy,24422334,Mr. Wrong,PG-13,,,16-02-1996,,,12805071
,,,,,,,,,,,,,,,,,,Romantic Comedy,2057055,Two Much,PG-13,,,15-03-1996,,,1078555
,,,,,,,,,,,,,,,,,,Romantic Comedy,133620516,"Six Days, Seven Nights",PG-13,,,12-06-1998,,,74339294
,,,,,,,,,,,,,,,,,,Romantic Comedy,46145331,The Other Sister,PG-13,,,26-02-1999,,,27807627
,,,,,,,,,,,,,,,,,,Romantic Comedy,63354375,Ten Things I Hate About You,PG-13,,,31-03-1999,,,38177966
,,,,,,,,,,,,,,,,,,Romantic Comedy,57925202,Keeping the Faith,PG-13,,,14-04-2000,,,37036404
,,,,,,,,,,,,,,,,,,Romantic Comedy,58350234,Dan in Real Life,PG-13,,,20-10-2007,,,47642963
,,,,,,,,,,,,,,,,,,Romantic Comedy,184288829,The Proposal,PG-13,,,19-06-2009,,,163958031
,,,,,,,,,,,,,,,,,,Romantic Comedy,34917330,When in Rome,PG-13,,,29-01-2010,,,32680633
,,,,,,,,,,,,,,,,,,Thriller/Suspense,106290270,Arachnophobia,PG-13,,,18-07-1990,,,53208180
,,,,,,,,,,,,,,,,,,Thriller/Suspense,57544453,Deceived,PG-13,,,27-09-1991,,,28738096
,,,,,,,,,,,,,,,,,,Thriller/Suspense,485424724,The Sixth Sense,PG-13,,,06-08-1999,,,293506292
,,,,,,,,,,,,,,,,,,Thriller/Suspense,148208901,Unbreakable,PG-13,,,22-11-2000,,,94999143
,,,,,,,,,,,,,,,,,,Thriller/Suspense,330754439,Signs,PG-13,,,02-08-2002,,,227965690
,,,,,,,,,,,,,,,,,,Thriller/Suspense,73793522,The Recruit,PG-13,,,31-01-2003,,,52784696
,,,,,,,,,,,,,,,,,,Thriller/Suspense,155021748,The Village,PG-13,,,30-07-2004,,,114197520
,,,,,,,,,,,,,,,,,,Thriller/Suspense,33500491,Dark Water,PG-13,,,08-07-2005,,,25473093
,,,,,,,,,,,,,,,,,,Thriller/Suspense,117960425,Flightplan,PG-13,,,23-09-2005,,,89706988
,,,,,,,,,,,,,,,,,,Thriller/Suspense,68289913,The Prestige,PG-13,,,20-10-2006,,,53089891
,,,,,,,,,,,,,,,,,,Thriller/Suspense,82267038,Déjà Vu,PG-13,,,22-11-2006,,,64038616
,,,,,,,,,,,,,,,,,,Thriller/Suspense,25202168,The Invisible,PG-13,,,27-04-2007,,,20568319
,,,,,,,,,,,,,,,,,,Thriller/Suspense,72313754,Bridge of Spies,PG-13,,,16-10-2015,,,72313754
,,,,,,,,,,,,,,,,,,Western,89042541,Shanghai Noon,PG-13,,,26-05-2000,,,56932305
,,,,,,,,,,,,,,,,,,Western,91340921,Hidalgo,PG-13,,,05-03-2004,,,67286731
,,,,,,,,,,,,,,,,,,Western,30416359,The Alamo,PG-13,,,09-04-2004,,,22406362
,,,,,,,,,,,,,,,,,,Western,92597388,The Lone Ranger,PG-13,,,02-07-2013,,,89302115
,,,,,,,,,,,,,,,,,,,9156084,Bound by Honor,R,,,16-04-1993,,,4496583
,,,,,,,,,,,,,,,,,,,5170709,Red Rock West,R,,,28-01-1994,,,2502551
,,,,,,,,,,,,,,,,,,,65543,The War at Home,R,,,20-11-1996,,,34368
,,,,,,,,,,,,,,,,,,,337782,High Heels and Low Lifes,R,,,26-10-2001,,,226792
,,,,,,,,,,,,,,,,,,Action,22580472,One Good Cop,R,,,03-05-1991,,,11276846
,,,,,,,,,,,,,,,,,,Action,46919256,The Program,R,,,24-09-1993,,,23042200
,,,,,,,,,,,,,,,,,,Action,60321919,A Low Down Dirty Shame,R,,,23-11-1994,,,29317886
,,,,,,,,,,,,,,,,,,Action,177102077,Crimson Tide,R,,,12-05-1995,,,91387195
,,,,,,,,,,,,,,,,,,Action,67222776,Judge Dredd,R,,,30-06-1995,,,34687912
,,,,,,,,,,,,,,,,,,Action,255702705,The Rock,R,,,07-06-1996,,,134069511
,,,,,,,,,,,,,,,,,,Action,259807820,Ransom,R,,,08-11-1996,,,136492681
,,,,,,,,,,,,,,,,,,Action,58804106,Metro,R,,,17-01-1997,,,32017895
,,,,,,,,,,,,,,,,,,Action,185712664,Con Air,R,,,06-06-1997,,,101117573
,,,,,,,,,,,,,,,,,,Action,20136775,Deep Rising,R,,,30-01-1998,,,11203026
,,,,,,,,,,,,,,,,,,Action,198472008,Enemy of the State,R,,,20-11-1998,,,111549836
,,,,,,,,,,,,,,,,,,Action,54262148,The 13th Warrior,R,,,27-08-1999,,,32698899
,,,,,,,,,,,,,,,,,,Adventure,73914543,Alive,R,,,15-01-1993,,,36299670
,,,,,,,,,,,,,,,,,,Adventure,64959548,Apocalypto,R,,,08-12-2006,,,50866635
,,,,,,,,,,,,,,,,,,Adventure,12985302,Primeval,R,,,12-01-2007,,,10597734
,,,,,,,,,,,,,,,,,,Black Comedy,51579764,Grosse Pointe Blank,R,,,11-04-1997,,,28084357
,,,,,,,,,,,,,,,,,,Black Comedy,28392518,Rushmore,R,,,11-12-1998,,,17105219
,,,,,,,,,,,,,,,,,,Black Comedy,76758193,The Royal Tenenbaums,R,,,14-12-2001,,,52353636
,,,,,,,,,,,,,,,,,,Comedy,141183693,Down and Out in Beverly Hills,R,,,31-01-1986,,,62134225
,,,,,,,,,,,,,,,,,,Comedy,162748712,Ruthless People,R,,,27-06-1986,,,71624879
,,,,,,,,,,,,,,,,,,Comedy,113976921,Outrageous Fortune,R,,,30-01-1987,,,52864741
,,,,,,,,,,,,,,,,,,Comedy,141592160,Stakeout,R,,,05-08-1987,,,65673233
,,,,,,,,,,,,,,,,,,Comedy,254414837,Good Morning Vietnam,R,,,23-12-1987,,,123922370
,,,,,,,,,,,,,,,,,,Comedy,39433357,Betsy's Wedding,R,,,22-06-1990,,,19740070
,,,,,,,,,,,,,,,,,,Comedy,39963460,Taking Care of Business,R,,,17-08-1990,,,20005435
,,,,,,,,,,,,,,,,,,Comedy,94349900,The Distinguished Gentleman,R,,,04-12-1992,,,46434570
,,,,,,,,,,,,,,,,,,Comedy,29968953,Indian Summer,R,,,23-04-1993,,,14717851
,,,,,,,,,,,,,,,,,,Comedy,2127496,Money for Nothing,R,,,10-09-1993,,,1044824
,,,,,,,,,,,,,,,,,,Comedy,19116981,Angie,R,,,04-03-1994,,,9252349
,,,,,,,,,,,,,,,,,,Comedy,23401275,The Ref,R,,,09-03-1994,,,11325885
,,,,,,,,,,,,,,,,,,Comedy,18316030,The Inkwell,R,,,22-04-1994,,,8864699
,,,,,,,,,,,,,,,,,,Comedy,12042634,Ed Wood,R,,,30-09-1994,,,5828466
,,,,,,,,,,,,,,,,,,Comedy,14641561,The Jerky Boys,R,,,03-02-1995,,,7555256
,,,,,,,,,,,,,,,,,,Comedy,1025425,Funny Bones,R,,,31-03-1995,,,529135
,,,,,,,,,,,,,,,,,,Comedy,53693680,Romy and Michele's High School Reunion,R,,,25-04-1997,,,29235353
,,,,,,,,,,,,,,,,,,Comedy,81692095,Nothing To Lose,R,,,18-07-1997,,,44480039
,,,,,,,,,,,,,,,,,,Comedy,82277,An Alan Smithee Film: Burn Hollywood …,R,,,27-02-1998,,,45779
,,,,,,,,,,,,,,,,,,Comedy,295851,Breakfast of Champions,R,,,17-09-1999,,,178287
,,,,,,,,,,,,,,,,,,Comedy,7566363,Mumford,R,,,24-09-1999,,,4559569
,,,,,,,,,,,,,,,,,,Comedy,14755189,"Mystery, Alaska",R,,,01-10-1999,,,8891623
,,,,,,,,,,,,,,,,,,Comedy,106921374,Deuce Bigalow: Male Gigolo,R,,,10-12-1999,,,65535067
,,,,,,,,,,,,,,,,,,Comedy,13180524,Play it to the Bone,R,,,24-12-1999,,,8427204
,,,,,,,,,,,,,,,,,,Comedy,2562155,Gun Shy,R,,,04-02-2000,,,1638202
,,,,,,,,,,,,,,,,,,Comedy,42661516,High Fidelity,R,,,31-03-2000,,,27277055
,,,,,,,,,,,,,,,,,,Comedy,14797862,Sorority Boys,R,,,22-03-2002,,,10198766
,,,,,,,,,,,,,,,,,,Comedy,53881593,The Ladykillers,R,,,26-03-2004,,,39692139
,,,,,,,,,,,,,,,,,,Comedy,629502,The Last Shot,R,,,24-09-2004,,,463730
,,,,,,,,,,,,,,,,,,Comedy,32198655,The Life Aquatic with Steve Zissou,R,,,10-12-2004,,,24006726
,,,,,,,,,,,,,,,,,,Drama,117957323,The Color of Money,R,,,17-10-1986,,,52293000
,,,,,,,,,,,,,,,,,,Drama,160442289,Cocktail,R,,,29-07-1988,,,78222753
,,,,,,,,,,,,,,,,,,Drama,40983414,An Innocent Man,R,,,06-10-1989,,,19397847
,,,,,,,,,,,,,,,,,,Drama,39884640,Blaze,R,,,13-12-1989,,,19049727
,,,,,,,,,,,,,,,,,,Drama,31167691,Billy Bathgate,R,,,01-11-1991,,,15565363
,,,,,,,,,,,,,,,,,,Drama,43859823,Consenting Adults,R,,,16-10-1992,,,21591728
,,,,,,,,,,,,,,,,,,Drama,79618610,What's Love Got to Do With It,R,,,09-06-1993,,,39100956
,,,,,,,,,,,,,,,,,,Drama,66768171,The Joy Luck Club,R,,,08-09-1993,,,32790064
,,,,,,,,,,,,,,,,,,Drama,103354194,When a Man Loves a Woman,R,,,29-04-1994,,,50021959
,,,,,,,,,,,,,,,,,,Drama,164552293,Dangerous Minds,R,,,11-08-1995,,,84919401
,,,,,,,,,,,,,,,,,,Drama,46741467,Dead Presidents,R,,,04-10-1995,,,24120194
,,,,,,,,,,,,,,,,,,Drama,568342,Feast of July,R,,,13-10-1995,,,293274
,,,,,,,,,,,,,,,,,,Drama,20075033,The Scarlet Letter,R,,,13-10-1995,,,10359006
,,,,,,,,,,,,,,,,,,Drama,26302005,Nixon,R,,,20-12-1995,,,13668249
,,,,,,,,,,,,,,,,,,Drama,11171714,Last Dance,R,,,03-05-1996,,,5857534
,,,,,,,,,,,,,,,,,,Drama,88467531,G.I. Jane,R,,,22-08-1997,,,48169156
,,,,,,,,,,,,,,,,,,Drama,14561324,A Thousand Acres,R,,,19-09-1997,,,7928412
,,,,,,,,,,,,,,,,,,Drama,38766948,He Got Game,R,,,01-05-1998,,,21567853
,,,,,,,,,,,,,,,,,,Drama,1409943,Firelight,R,,,04-09-1998,,,784419
,,,,,,,,,,,,,,,,,,Drama,41062682,Beloved,R,,,16-10-1998,,,22852487
,,,,,,,,,,,,,,,,,,Drama,56595842,Instinct,R,,,04-06-1999,,,34105207
,,,,,,,,,,,,,,,,,,Drama,32007656,Summer of Sam,R,,,02-07-1999,,,19288130
,,,,,,,,,,,,,,,,,,Drama,47794214,The Insider,R,,,05-11-1999,,,28965197
,,,,,,,,,,,,,,,,,,Drama,4609153,Cradle Will Rock,R,,,08-12-1999,,,2899970
,,,,,,,,,,,,,,,,,,Drama,7404372,Duets,R,,,15-09-2000,,,4734235
,,,,,,,,,,,,,,,,,,Drama,18325463,25th Hour,R,,,19-12-2002,,,13084595
,,,,,,,,,,,,,,,,,,Drama,2194759,Veronica Guerin,R,,,17-10-2003,,,1569918
,,,,,,,,,,,,,,,,,,Drama,13519621,Shopgirl,R,,,21-10-2005,,,10284523
,,,,,,,,,,,,,,,,,,Drama,14574087,Casanova,R,,,25-12-2005,,,11304403
,,,,,,,,,,,,,,,,,,Drama,5637048,The Lookout,R,,,30-03-2007,,,4600585
,,,,,,,,,,,,,,,,,,Drama,8779196,The Hoax,R,,,06-04-2007,,,7164995
,,,,,,,,,,,,,,,,,,Drama,9295171,Miracle at St. Anna,R,,,26-09-2008,,,7916887
,,,,,,,,,,,,,,,,,,Drama,3374251,The Fifth Estate,R,,,18-10-2013,,,3254172
,,,,,,,,,,,,,,,,,,Horror,9907922,Innocent Blood,R,,,25-09-1992,,,4877567
,,,,,,,,,,,,,,,,,,Horror,17727017,The Puppet Masters,R,,,21-10-1994,,,8579626
,,,,,,,,,,,,,,,,,,Horror,48546161,An American Werewolf in Paris,R,,,25-12-1997,,,26570463
,,,,,,,,,,,,,,,,,,Horror,19452402,Fright Night,R,,,19-08-2011,,,18298649
,,,,,,,,,,,,,,,,,,Romantic Comedy,356389765,Pretty Woman,R,,,23-03-1990,,,178406268
,,,,,,,,,,,,,,,,,,Romantic Comedy,24939118,The Marrying Man,R,,,05-04-1991,,,12454768
,,,,,,,,,,,,,,,,,,Thriller/Suspense,178831137,The Hand That Rocks the Cradle,R,,,10-01-1992,,,88036683
,,,,,,,,,,,,,,,,,,Thriller/Suspense,46064723,Guilty as Sin,R,,,04-06-1993,,,22622537
,,,,,,,,,,,,,,,,,,Thriller/Suspense,40804816,Color of Night,R,,,19-08-1994,,,19750470
,,,,,,,,,,,,,,,,,,Thriller/Suspense,6829092,Bad Company,R,,,20-01-1995,,,3523909
,,,,,,,,,,,,,,,,,,Thriller/Suspense,11167895,The Tie That Binds,R,,,08-09-1995,,,5762795
,,,,,,,,,,,,,,,,,,Thriller/Suspense,16284619,The Rich Man's Wife,R,,,13-09-1996,,,8538318
,,,,,,,,,,,,,,,,,,Thriller/Suspense,3957025,Shadow Conspiracy,R,,,31-01-1997,,,2154540
,,,,,,,,,,,,,,,,,,Thriller/Suspense,7652965,Playing God,R,,,17-10-1997,,,4166918
,,,,,,,,,,,,,,,,,,Thriller/Suspense,29895090,Cold Creek Manor,R,,,19-09-2003,,,21384035
,,,,,,,,,,,,,,,,,,Western,115781734,Tombstone,R,,,25-12-1993,,,56505065
,,,,,,,,,,,,,,,,,,Western,81547672,Open Range,R,,,15-08-2003,,,58331254
all,"United States,Australia","Andrew Stanton,Lee Unkrich",1,16220,"Animation,Adventure,Comedy,Family",0,16221,8.1,English,0,0,0.99,100,Finding Nemo,0,2003,94000000,Adventure,518148559,Finding Nemo,G,404.818478723,286529370,30-05-2003,380529370,Finding Nemo,380529370
all,United States,"Pete Docter,David Silverman,Lee Unkrich",1,16223,"Animation,Adventure,Comedy,Family,Fantasy",0,16224,8,English,0,0,0.96,92,"Monsters, Inc.",0,2001,115000000,Adventure,416073179,"Monsters, Inc.",G,251.672543478,174423425,02-11-2001,289423425,"Monsters, Inc.",289423425
all,United States,Lee Unkrich,1,16222,"Animation,Adventure,Comedy,Family,Fantasy",0,16223,8.3,"English,Spanish",0,0,0.98,103,Toy Story 3,0,2010,200000000,Adventure,443408255,Toy Story 3,G,207.50244,215004880,18-06-2010,415004880,Toy Story 3,415004880
all,"United States,United Kingdom",Jon Favreau,1,16214,"Animation,Adventure,Drama,Family,Musical",0,16215,8.5,"English,Xhosa,Zulu,French,Spanish",0,0,0.93,118,The Lion King,0,1994,260000000,Adventure,761640898,The Lion King,G,162.607746154,162780140,15-06-1994,422780140,The Lion King,422780140
all,United States,"Brad Bird,Jan Pinkava",1,16230,"Animation,Adventure,Comedy,Drama,Family,Fantasy",0,16231,8,"English,French",0,0,0.96,111,Ratatouille,0,2007,150000000,Comedy,252955933,Ratatouille,G,137.630436,56445654,29-06-2007,206445654,Ratatouille,206445654
all,United States,Guy Ritchie,1,16232,"Adventure,Family,Fantasy,Musical,Romance",0,16233,8,"English,Arabic",0,0,0.95,128,Aladdin,0,1992,183000000,Comedy,441969178,Aladdin,G,118.770611475,34350219,11-11-1992,217350219,Aladdin,217350219
all,"United Kingdom,United States",Jon Favreau,1,16264,"Adventure,Drama,Family,Fantasy",0,16265,7.6,English,0,0,0.87,106,The Jungle Book,0,1967,177000000,Musical,789612346,The Jungle Book,Not Rated,205.650351977,187001123,18-10-1967,364001123,The Jungle Book,141843000
7+,United States,"Pete Docter,Bob Peterson",1,16218,"Animation,Adventure,Comedy,Family",0,16219,8.2,English,0,0,0.98,96,Up,0,2009,175000000,Adventure,329336681,Up,PG,167.430950857,118004164,29-05-2009,293004164,Up,293004164
7+,United States,"Andrew Stanton,Angus MacLane",1,16252,"Animation,Adventure,Comedy,Family",0,16253,7.3,"English,Indonesian",0,0,0.94,97,Finding Dory,0,2016,200000000,Adventure,486295561,Finding Dory,PG,243.1477805,286295561,17-06-2016,486295561,Finding Dory,486295561
all,"United Kingdom,United States",Jon Favreau,1,16264,"Adventure,Drama,Family,Fantasy",0,16265,7.6,English,0,0,0.87,106,The Jungle Book,0,1967,177000000,Adventure,88930321,The Jungle Book,PG,205.650351977,187001123,25-12-1994,364001123,The Jungle Book,44342956
all,"United Kingdom,United States",Jon Favreau,1,16264,"Adventure,Drama,Family,Fantasy",0,16265,7.6,English,0,0,0.87,106,The Jungle Book,0,1967,177000000,Adventure,364001123,The Jungle Book,PG,205.650351977,187001123,15-04-2016,364001123,The Jungle Book,364001123
13+,United States,Shane Black,1,16255,"Action,Adventure,Sci-Fi",0,16256,7.2,English,0,0,0.79,130,Iron Man 3,0,2013,200000000,Action,424084233,Iron Man 3,PG-13,204.496136,208992272,03-05-2013,408992272,Iron Man 3,408992272
13+,United States,Joss Whedon,1,16250,"Action,Adventure,Sci-Fi",0,16251,7.3,"English,Korean",0,0,0.75,141,Avengers: Age of Ultron,0,2015,365000000,Action,459005868,Avengers: Age of Ultron,PG-13,125.755032329,94005868,01-05-2015,459005868,Avengers: Age of Ultron,459005868
13+,United States,James Gunn,1,16219,"Action,Adventure,Comedy,Sci-Fi",0,16220,8,English,0,0,0.91,121,Guardians of the Galaxy,0,2014,232300000,Adventure,343771168,Guardians of the Galaxy,PG-13,143.423207921,100872112,01-08-2014,333172112,Guardians of the Galaxy,333172112
13+,United States,Gareth Edwards,1,16240,"Action,Adventure,Sci-Fi",0,16241,7.8,English,0,0,0.84,133,Rogue One: A Star Wars Story,0,2016,265000000,Adventure,529483936,Rogue One: A Star Wars Story,PG-13,199.805258868,264483936,16-12-2016,529483936,Rogue One: A Star Wars Story,529483936
13+,United States,Joss Whedon,1,4438,"Action,Adventure,Sci-Fi",0,4439,8,"English,Russian,Hindi",0,1,0.92,143,The Avengers,0,2012,220000000,Action,660081224,The Avengers,PG-13,283.308885,403279547,04-05-2012,623279547,The Avengers,623279547
